cluster,land_area,plot_num,tillage_mech_ratio,irrigated_area_ratio,chem_fert_kg_per_mu,organic_fert_total,mobile_hours_per_day,can_get_info_online,internet_training,e_commerce,ag_insurance,bank_credit_user,applied_bank_loan,trade_credit,safe_drinking_water,garbage_sorting,garbage_central_treatment,sanitary_toilet,health_knowledge_learning,has_checkup,straw_utilized,pesticide_pack_safe
0,7.820238277179576,4.265404654393887,95.27608197290726,99.71465786731504,57.269551927752694,26.646648141715872,2.6548176450156284,1.3268496005557486,0.0986453629732546,0.06460576589093435,0.19312261201806183,0.3258075720736367,0.19208058353594998,0.15213615838832928,1.0,0.47169155956929487,0.9267106634248002,0.7968044459881903,0.48975338659256684,0.6832233414379993,0.9808961444946162,0.8155609586662036
1,33.93625,7.3499999999999845,95.83333333333333,83.33333333333333,151.9666666666666,618.5416666666666,2.0,1.4166666666666667,0.125,0.08333333333333333,0.4583333333333333,0.5,0.4166666666666667,0.5,1.0,0.375,0.9583333333333334,0.75,0.5,0.5833333333333334,1.0,0.5
2,47.66628555555554,10.027322222222208,75.50611111111111,35.873222222222225,80.7502222222222,319.49961111111116,2.581388888888887,1.2855555555555556,0.07888888888888888,0.051111111111111114,0.4577777777777778,0.4077777777777778,0.32222222222222224,0.2577777777777778,1.0,0.39444444444444443,0.9,0.6111111111111112,0.3888888888888889,0.5733333333333334,0.9522222222222222,0.5988888888888889
