K,inertia,silhouette
2,37486.253956283064,0.30080857661723664
3,34326.298334660954,0.29491525406515917
4,31338.93826183948,0.14714429169041424
5,28206.933158575957,0.1536787954475629
6,25781.983345171087,0.165161536073302
7,23409.9734735812,0.17476159767386645
8,21226.535344730088,0.1838748441302159
